Row,Address
0,https://www.finn.no/job/fulltime/search.html?industry=1
1,https://www.finn.no/job/fulltime/search.html?industry=12
2,https://www.finn.no/job/fulltime/search.html?industry=13
3,https://www.finn.no/job/fulltime/search.html?industry=2
4,https://www.finn.no/job/fulltime/search.html?industry=14
5,https://www.finn.no/job/fulltime/search.html?industry=16
6,https://www.finn.no/job/fulltime/search.html?industry=15
7,https://www.finn.no/job/fulltime/search.html?industry=3
8,https://www.finn.no/job/fulltime/search.html?industry=4
9,https://www.finn.no/job/fulltime/search.html?industry=17
10,https://www.finn.no/job/fulltime/search.html?industry=18
11,https://www.finn.no/job/fulltime/search.html?industry=19
12,https://www.finn.no/job/fulltime/search.html?industry=20
13,https://www.finn.no/job/fulltime/search.html?industry=21
14,https://www.finn.no/job/fulltime/search.html?industry=5
15,https://www.finn.no/job/fulltime/search.html?industry=25
16,https://www.finn.no/job/fulltime/search.html?industry=7
17,https://www.finn.no/job/fulltime/search.html?industry=22
18,https://www.finn.no/job/fulltime/search.html?industry=23
19,https://www.finn.no/job/fulltime/search.html?industry=24
20,https://www.finn.no/job/fulltime/search.html?industry=26
21,https://www.finn.no/job/fulltime/search.html?industry=27
22,https://www.finn.no/job/fulltime/search.html?industry=28
23,https://www.finn.no/job/fulltime/search.html?industry=29
24,https://www.finn.no/job/fulltime/search.html?industry=30
25,https://www.finn.no/job/fulltime/search.html?industry=31
26,https://www.finn.no/job/fulltime/search.html?industry=70
27,https://www.finn.no/job/fulltime/search.html?industry=32
28,https://www.finn.no/job/fulltime/search.html?industry=65
29,https://www.finn.no/job/fulltime/search.html?industry=33
30,https://www.finn.no/job/fulltime/search.html?industry=8
31,https://www.finn.no/job/fulltime/search.html?industry=9
32,https://www.finn.no/job/fulltime/search.html?industry=10
33,https://www.finn.no/job/fulltime/search.html?industry=68
34,https://www.finn.no/job/fulltime/search.html?industry=11
35,https://www.finn.no/job/fulltime/search.html?industry=34
36,https://www.finn.no/job/fulltime/search.html?industry=35
37,https://www.finn.no/job/fulltime/search.html?industry=36
38,https://www.finn.no/job/fulltime/search.html?industry=37
39,https://www.finn.no/job/fulltime/search.html?industry=69
40,https://www.finn.no/job/fulltime/search.html?industry=38
41,https://www.finn.no/job/fulltime/search.html?industry=39
42,https://www.finn.no/job/fulltime/search.html?industry=40
43,https://www.finn.no/job/fulltime/search.html?industry=41
44,https://www.finn.no/job/fulltime/search.html?industry=42
45,https://www.finn.no/job/fulltime/search.html?industry=43
46,https://www.finn.no/job/fulltime/search.html?industry=44
47,https://www.finn.no/job/fulltime/search.html?industry=67
48,https://www.finn.no/job/fulltime/search.html?industry=45
49,https://www.finn.no/job/fulltime/search.html?industry=66
50,https://www.finn.no/job/fulltime/search.html?industry=46
51,https://www.finn.no/job/fulltime/search.html?industry=48
52,https://www.finn.no/job/fulltime/search.html?industry=49
53,https://www.finn.no/job/fulltime/search.html?industry=50
54,https://www.finn.no/job/fulltime/search.html?industry=51
55,https://www.finn.no/job/fulltime/search.html?industry=52
56,https://www.finn.no/job/fulltime/search.html?industry=53
57,https://www.finn.no/job/fulltime/search.html?industry=55
58,https://www.finn.no/job/fulltime/search.html?industry=56
59,https://www.finn.no/job/fulltime/search.html?industry=57
60,https://www.finn.no/job/fulltime/search.html?industry=58
61,https://www.finn.no/job/fulltime/search.html?industry=59
62,https://www.finn.no/job/fulltime/search.html?industry=60
63,https://www.finn.no/job/fulltime/search.html?industry=6
64,https://www.finn.no/job/fulltime/search.html?industry=61
65,https://www.finn.no/job/fulltime/search.html?industry=62
66,https://www.finn.no/job/fulltime/search.html?industry=63
67,https://www.finn.no/job/fulltime/search.html?industry=64
68,https://www.finn.no/job/fulltime/search.html?industry=9999
